<?xml version="1.0" encoding="utf-8"?>
<extension version="3.0" type="plugin" group="system" method="upgrade">
	<name>tzm Installer</name>
	<creationDate>2013</creationDate>
	<author>tuyennv</author>
	<authorEmail>tuyennv@templaza.com</authorEmail>
	<authorUrl>http://www.templaza.com</authorUrl>
	<copyright>Copyright (c)2013</copyright>
	<license>GNU/GPL v3 or later license</license>
	<version>3.1.0</version>
	<description></description>

    <scriptfile>install.script.php</scriptfile>
    <files>
        <filename plugin="installer">installer.php</filename>
    </files>

    <extlist>

        <ext type="library" enabled="true">
            <folder>lib_tzm</folder>
            <name>lib_tzm</name>
            <description>Templaza Extension development framework</description>
        </ext>

        <ext type="module" client="site" enabled="true">
            <folder>mod_tz_news_pro</folder>
            <name>TZ module</name>
            <description>Templaza Extension development framework</description>
        </ext>

    </extlist>

</extension>