<?xml version="1.0" encoding="utf-8"?>
<!DOCTYPE install PUBLIC "-//Joomla! 1.6//DTD template 1.0//EN" "http://www.joomla.org/xml/dtd/1.6/template-install.dtd">
<extension version="2.5" type="template" client="site">
<name>mx_joomla123</name>
<creationDate>2015</creationDate>
<author>mixwebtemplates</author>
<authorEmail>support@mixwebtemplates.com</authorEmail>
<authorUrl>http://www.mixwebtemplates.com</authorUrl>
<copyright>Copyright (C) 2012 mixwebtemplates. All rights reserved.</copyright>
<version>3.5.5</version>
<description><![CDATA[
			<style type="text/css" media="all">
				<!--
				#wrap1 {padding:0px 0px 4px 0px;}
				h1 {clear:both;font-family: Georgia, sans-serif;font-size:36px;margin:30px 20px 0px ;padding:0px 0px 14px 10px;color:#369; border-bottom: 1px solid #ccc; font-weight: normal;}
				h4 { border: none;  margin: 0 0 12px; padding:0; font: 20px/32px Georgia, sans-serif; color: #333; }				
				.wrap2 {background:#fff;padding: 20px; font-family: Arial; font-size:13px; text-align: justify; color: #4d4d4d; line-height: 24px;}
				.leftside {margin: 16px 0 0 176px; font-weight:normal!important; }
				.livedemo { margin-top: 28px; }
				-->
			</style>						
			<div id="wrap1">     
			<h1><em>mx_joomla123</em></h1>
			<div class="wrap2">                  						
			<a title="Visit the official website!" href="http://www.mixwebtemplates.com/" target="_blank"> <img style="float:left;border:1px solid #ccc;margin-right:10px;padding:3px" src="../templates/mx_joomla123/template_thumbnail.png" border="0" alt="Logo" /></a>   
			<div class="leftside">
			<h4>Free joomla Template.</h4> 
			<p>Some featres are available only in the pro version. The extension used on the demo and pro template are included on the full package. For additional information visit <a href="http://www.mixwebtemplates.com/">mixwebtemplates</a></p>
			</div></div></div>]]>
</description>
<files>
	<filename>component.php</filename>
	<filename>error.php</filename>
	<filename>favicon.ico</filename>
	<filename>index.html</filename>
	<filename>template_preview.png</filename>
	<filename>template_thumbnail.png</filename>
	<filename>index.php</filename>
	<folder>css/</folder> 
	<folder>html/</folder> 
	<folder>js/</folder> 
	<folder>images/</folder> 
	<folder>language/</folder> 
	<folder>slider</folder>
	<folder>tclibs/</folder> 
</files>
<positions>
	<position>adverts1</position>
	<position>adverts2</position>
	<position>adverts3</position>
	<position>adverts4</position>
	<position>adverts5</position>
	<position>adverts6</position>
	<position>header1</position>
	<position>header2</position>
	<position>header3</position>
	<position>header4</position>
	<position>header5</position>
	<position>header6</position>
	<position>top1</position>
	<position>top2</position>
	<position>top3</position>
	<position>top4</position>
	<position>top5</position>
	<position>top6</position>
	<position>maintop1</position>
	<position>maintop2</position>
	<position>maintop3</position>
	<position>maintop4</position>
	<position>maintop5</position>
	<position>maintop6</position>
	<position>info1</position>
	<position>info2</position>
	<position>info3</position>
	<position>info4</position>
	<position>info5</position>
	<position>info6</position>
	<position>feature1</position>
	<position>feature2</position>
	<position>feature3</position>
	<position>feature4</position>
	<position>feature5</position>
	<position>feature6</position>
	<position>left</position>
	<position>inset</position>
	<position>right</position>
	<position>mainbottom1</position>
	<position>mainbottom2</position>
	<position>mainbottom3</position>
	<position>mainbottom4</position>
	<position>mainbottom5</position>
	<position>mainbottom6</position>
	<position>slider1</position>
	<position>slider2</position>
	<position>slider3</position>
	<position>slider4</position>
	<position>slider5</position>
	<position>slider6</position>
	<position>bottom1</position>
	<position>bottom2</position>
	<position>bottom3</position>
	<position>bottom4</position>
	<position>bottom5</position>
	<position>bottom6</position>
	<position>footer1</position>
	<position>footer2</position>
	<position>footer3</position>
	<position>footer4</position>
	<position>footer5</position>
	<position>footer6</position>
	<position>debug</position>
</positions>		
	<languages folder="language">
		<language tag="en-GB">en-GB.tpl_mx_joomla123.ini</language>
	</languages>
<config>
 <fields name="params">
    <fieldset name="general" label="General" addfieldpath="/templates/mx_joomla123/tclibs/helper/fields">  
   <field name="niceScroll" type="radio" class="btn-group" default="0" label="Smoth Scroll" description="">
		<option value="0">No</option>
		<option value="1">Yes</option>
	</field>
		<field name="copyright" type="radio" default="1" label="Copyright" description="Choose to show the copyright information and pick copyright position.">
			<option value="0">JHIDE</option>
			<option value="1">JSHOW</option>
		</field>
		<field name="cpright" type="text" default="Copyright (c) Site Name 2015. All rights reserved." label="Copyright text" description="Enter your Copyright text" /> 
		<field type="spacer" label="ONLY_IN_PRO" />	 
        <field name="TempWidth" type="text" default="960px" label="Template width" description="Enter template width."  disabled="true"/>
		<field name="layout" type="list" default="lbr" label="Template Layout" description="Layout style of the template" class="mx-chosen-select">
			<option value="" disabled="true">Body + Right</option>
			<option value="" disabled="true">Left + Body</option>
			<option value="lbr">Left + Body + Right</option>
		</field>
	</fieldset>
	<!--  LOGO  -->	
	<fieldset name="logo" label="Logo">
        <field name="logo" type="radio" default="0" label="Select logo type" description="Select image or text type logo." class="logoType">
			<option value="0">Template</option>
			<option value="1">Image</option>
			<option value="2">Text</option>
		</field>
		<field name="logopos" type="listposition" default="adverts1" label="Logo Position" description="Select the location to display the logo" />
		<field name="logoimage" type="media" label="Logo image" description="" class="logo1" />
		<field name="logotext" type="text" default="TC LOGO" label="Logo Text" description="Enter your logo text here. This setting take effect when the TEXT logo type is selected." class="logo2" />
		<field name="slogan" type="text" default="Your slogan goes here" label="Slogan" description="Enter a slogan line or short description. This will be visible below the TEXT logo in your front-end." class="logo2"/>
	</fieldset>	
	<!--  SLIDER  -->
	<fieldset name="header" label="Slider">
		<field name="slides" type="list" default="1" label="Slideshow" description="To show the Slideshow on specific pages, select [Show only in header]. After go in Extensions - Module manager and create an empty module and assign it to position slider. Use this module to control which pages have header visible">
			<option value="1">Show on all pages</option>
			<option value="2">Show only in header</option>
			<option value="0">Hide</option>
		</field>		
		<field name="spacer" type="spacer" class="text" label="First Slide"/>		
		<field name="sliders_thumb1" type="media" default="" label="Slider Image 1" description="Please choose an image..." />
		<field name="sliders_texts1" type="text" default="" label="Text info for first slide" description="Write text info for first slide"/>
		<field name="sliders_text1" type="text" default="" label="Read more link (pro)" description="Link for read more button" disabled="true" />
		<field name="spacer1" type="spacer" class="text" label="Second Slide"/>	
		<field name="sliders_thumb2" type="media" default="" label="Slider Image 2" description="Please choose an image..." />
		<field name="sliders_texts2" type="text" default="" label="Text info for second slide" description="Write text info for second slide" />
		<field name="sliders_text2" type="text" default="" label="Read more link (pro)" description="Link for read more button" disabled="true" />
		<field name="spacer2" type="spacer" class="text" label="Third Slide"/>
		<field name="sliders_thumb3" type="media" default="" label="Slider Image 3" description="Please choose an image..." />
		<field name="sliders_texts3" type="text" default="" label="Text info for third slide" description="Write text info for third slide" />
		<field name="sliders_text3" type="text" default="" label="Read more link (pro)" description="Link for read more button" disabled="true" />
		<field name="spacer3" type="spacer" class="text" label="Fourth Slide"/>
		<field name="sliders_thumb4" type="media" default="" label="Slider Image 4" description="Please choose an image..." />
		<field name="sliders_texts4" type="text" default="" label="Text info for fourth slide" description="Write text info for fourth slide" />
		<field name="sliders_text4" type="text" default="" label="Read more link (pro)" description="Link for read more button" disabled="true" />
		<field name="spacer4" type="spacer" class="text" label="Fifth Slide"/>
		<field name="sliders_thumb5" type="media" default="" label="Slider Image 5" description="Please choose an image..." />
		<field name="sliders_texts5" type="text" default="" label="Text info for slide 5" description="Write text info for slide 5" />
		<field name="sliders_text5" type="text" default="" label="Read more link (pro)" description="Link for read more button" disabled="true" />
		<field name="spacer6" type="spacer" class="text" label="Sixth Slide"/>
		<field name="sliders_thumb6" type="media" default="" label="Slider Image 6" description="Please choose an image..." />
		<field name="sliders_texts6" type="text" default="" label="Text info for slide 6" description="Write text info for slide 6" />
		<field name="sliders_text6" type="text" default="" label="Read more link (pro)" description="Link for read more button" disabled="true" />
		<field name="spacer7" type="spacer" class="text" label="Seventh Slide"/>
		<field name="sliders_thumb7" type="media" default="" label="Slider Image 7" description="Please choose an image..." />
		<field name="sliders_texts7" type="text" default="" label="Text info for slide 7" description="Write text info for slide 7" />
		<field name="sliders_text7" type="text" default="" label="Read more link (pro)" description="Link for read more button" disabled="true" />
		<field name="spacer8" type="spacer" class="text" label="Eighth Slide"/>
		<field name="sliders_thumb8" type="media" default="" label="Slider Image 8" description="Please choose an image..." />
		<field name="sliders_texts8" type="text" default="" label="Text info for slide 8" description="Write text info for slide 8" />
		<field name="sliders_text8" type="text" default="" label="Read more link (pro)" description="Link for read more button" disabled="true" />
		<field name="spacer9" type="spacer" class="text" label="Nineth Slide"/>
		<field name="sliders_thumb9" type="media" default="" label="Slider Image 9" description="Please choose an image..." />
		<field name="sliders_texts9" type="text" default="" label="Text info for slide 9" description="Write text info for slide 9" />
		<field name="sliders_text9" type="text" default="" label="Read more link (pro)" description="Link for read more button" disabled="true" />

		<field type="spacer" label="ONLY_IN_PRO" />			
		<field name="spacer5" type="spacer" class="text" label="Header settigns"/>		
		<field name="autmenu" type="list" default="true" label="AutoPlay" description="AutoPlay.">
			<option value="true" disabled="true">Yes</option>
			<option value="false" disabled="true">No</option>
		</field>			
		<field name="nrslides" type="list" default="3" label="Visible slides" description="Number of visible slides">
			<option value="3" disabled="true">3 slides</option>
			<option value="5" disabled="true">5 slides</option>
		</field>				
		<field name="tredeff" type="list" default="true" label="3d effect" description="3d effect">
			<option value="true" disabled="true">Yes</option>
			<option value="false" disabled="true">No</option>
		</field>
		<field name="timer" type="list" label="Timer style" default="Pie">
			<option value="Pie" disabled="true">Pie</option>
			<option value="none" disabled="true">None</option>
		</field>	    
				
		<field name="speed" type="list" default="5000" label="Speed of Annimation" description="This is the time at which the annimation happens.">
			<option value="3000">3 Seconds</option>
			<option value="4000">4 Seconds</option>
			<option value="5000">5 Seconds</option>
			<option value="6000">6 Seconds</option>
			<option value="7000">7 Seconds</option>
			<option value="8000">8 Seconds</option>
			<option value="9000">9 Seconds</option>
			<option value="10000">10 Seconds</option>
			<option value="11000">11 Seconds</option>
			<option value="12000">12 Seconds</option>
			<option value="13000">13 Seconds</option>
			<option value="14000">14 Seconds</option>
			<option value="15000">15 Seconds</option>
			<option value="20000">20 Seconds</option>
			<option value="30000">30 Seconds</option>
		</field>
	
</fieldset>			
	<!--  MENU  -->
	<fieldset name="menu" label="Menu">
		<field name="menucontrol" type="radio" default="1" label="Menu control" description="Enable or disable the menu as well as select the menu type">
			<option value="0">JNO</option>
			<option value="1">JYES</option>
		</field>
		<field name="menutype" type="menu" default="mainmenu" label="Select a Menu" description="Select a menu group to display in the main menu"/>
		<field type="spacer" label="ONLY_IN_PRO" />
		<field name="menupos" type="text" default="header1" label="Menu Position" description="Select the location to display the main menu" />	
		<field name="menuTrigger" type="list" default="hover" label="Dropdown Trigger" description="Mouse Event to trigger dropdown menu" class="mx-chosen-select">
		  <option value="hover" disabled="true" >Mouse Hover</option>
		  <option value="" disabled="true">Mouse Click</option>
		</field>
        <field name="menuEffect" type="list" default="Slide" label="Transition" description="Select an effect for the menu" class="mx-chosen-select">
			<option value="" disabled="true">Fade</option>
			<option value="" disabled="true">Blind</option>
			<option value="slide">Slide</option>
			<option value="" disabled="true">Fold</option>
			<option value="" disabled="true" >Bounce</option>
        </field>
        <field name="startLevel" type="text" default="0" size="5" label="Start level" description="Level from which to show items"  disabled="true"/>
	    <field name="endLevel" type="text" default="10" size="5" label="End level" description="Level until which to show items"  disabled="true"/>
	</fieldset>
	
	<!--  LAYOUT  -->
	<fieldset name="layout" label="Layout (only in PRO )">	
		<field name="layoutscript" type="gridscript" label="" />
		<field name="adverts" type="listgrid" default="2|adverts1:4,adverts2:8" />
		<field name="header" type="listgrid" default="1|header1:12"  />
		<field name="slider" type="listgrid" default="1" />
		<field name="top" type="listgrid" default="1" />
		<field name="info" type="listgrid" default="2|info1:4,info2:8" />
		<field name="maintop" type="listgrid" default="4" />
		<!-- /// Start Component layout /// -->
		<field name="lbr" type="listgrid" class="main-content lbr" default="3|left:3,inset:6,right:3" />
		<field name="lb" type="listgrid" class="main-content lb" default="2|left:3,inset:9" />
		<field name="br" type="listgrid" class="main-content br" default="2|inset:9,right:3" />
		<!-- /// End Component layout /// -->
		<field name="mainbottom" type="listgrid" default="4" />
		<field name="feature" type="listgrid" default="3|feature1:5,feature2:3,feature2:4" />
		<field name="bottom" type="listgrid" default="3" />
		<field name="footer" type="listgrid" default="2|footer1:7,footer2:5" />	
	</fieldset>
	
	<!-- Social settings -->
	<fieldset name="icons" description="" label="Social Icons">
		<field name="socialCode" type="radio" default="1" label="SOCIAL_LABEL" description="SOCIAL_DESC">
			  <option value="1">Yes</option>
			  <option value="0">No</option>
		</field>									
	<field name="facebook_icon" type="text" default="" label="Your facebook Url" description="Your facebook Url" />
	<field name="twitter_icon" type="text" default="" label="Your twitter Url" description="Your twitter Url" />
	<field name="digg_icon" type="text" default="" label="Your digg_ Url" description="Your digg_ Url" />
	<field name="google_icon" type="text" default="" label="Your Google Url" description="Your Google Url" />
	<field name="myspace_icon" type="text" default="" label="Your myspace Url" description="Your myspace Url" />
	<field name="linkedin_icon" type="text" default="" label="Your linkedin Url" description="Your linkedin Url" />
	<field name="blogger_icon" type="text" default="" label="Your blogger Url" description="Your blogger Url" />
	<field name="flickr_icon" type="text" default="" label="Your flickr Url" description="Your flickr Url" />
	<field name="stumble_icon" type="text" default="" label="Your stumble Url" description="Your stumble Url" />
	<field name="pinterest_icon" type="text" default="" label="Your pinterest Url" description="Your pinterest Url" />
	<field name="rssfeed_icon" type="text" default="" label="Your rssfeed Url" description="Your rssfeed Url" />
	</fieldset>	
	
	<!--  COLORS  -->	
	<fieldset name="color" label="Color Styles ( only in PRO )">
	<field type="spacer" label="ONLY_IN_PRO" />	
		<field name="TemplateStyle" type="list" default="style2" label="Template Style" description="The Main Color Variation for the Template" class="mx-chosen-select">
			<option value="" disabled="true">Blue</option>
			<option value="style2" disabled="true">Green</option>
			<option value="" disabled="true">Orange</option>
			<option value="" disabled="true">Red</option>
		</field>
		<field type="spacer" label="Custom Template Color" />	
        <field name="CustomStyle" type="text" default="" label="Custom Template Color" description="Custom Main Color Variation for the Template"  disabled="true" />
		<field type="spacer" label="Template background" />	
        <field name="TemlateBgr" type="text" default="" label="Background color" description="Enter Template Background"  disabled="true" />
        <field name="TemlateBgImg" type="media" default="" label="Background image" description="Select Background image" />
		<field type="spacer" label="Menu" />
        <field name="MenuTextColor" type="text" default="" label="Text color" description="Enter Menu text color"  disabled="true"  />
        <field name="MenuColor" type="text" default="" label="Background color" description="Enter Menu Background"  disabled="true"  />
		<field type="spacer" label="Slider" />	
        <field name="HeadColor" type="text" default="" label="Background color" description="Enter Slider Background"  disabled="true" />
		<field type="spacer" label="Top" />	
        <field name="TopTextColor" type="text" default="" label="Text color" description="Enter Top Text Color"  disabled="true" />
        <field name="TopColor" type="text" default="" label="Background color" description="Enter Top Background"  disabled="true" />
		<field type="spacer" label="Bottom" />
        <field name="BottomTextColor" type="text" default="" label="Text color" description="Enter Bottom text color"  disabled="true" />
        <field name="BottomColor" type="text" default="" label="Background color" description="Enter Bottom Background"  disabled="true" />
	</fieldset>		
	<!--  FONTS  -->	
	<fieldset name="fonts" label="Fonts ( Only in PRO )">
		<field type="spacer" label="ONLY_IN_PRO" />	
      	
        <field name="font" type="radio" default="0" label="Select Font family type" description="Select Font family type." class="fontType">
			<option value="0">Template</option>
			<option value="1">Squirrel</option>
			<option value="2">Google</option>
		</field>
		<field name="fontSquirrel" type="list" label="Font Squirrel" description="" class="font1" >
			<option value="GputeksRegular">GputeksRegular</option>
			<option value="OpenSansLight">OpenSansLight</option>
			<option value="OpenSansLightItalic">OpenSansLightItalic</option>
			<option value="OpenSansRegular">OpenSansRegular</option>
			<option value="QuicksandLight">QuicksandLight</option>
			<option value="SansationRegular">SansationRegular</option>
			<option value="southern_aire_personal_use_Rg">southern_aire_personal_use_Rg</option>
		</field>
		<field type="spacer" label="Visit www.google.com/fonts"  class="font2"/>	
		<field name="linkGoogle" type="text" default="" label="Font URL" description="Enter Google Font URL. Example http://fonts.googleapis.com/css?family=Open+Sans+Condensed:300" class="font2" />
		<field name="fontGoogle" type="text" default="" label="Font Family" description="Enter Google Font Family. Example Open Sans Condensed" class="font2"/>
		<field name="selectors" type="text" default="" label="Selectors" description="Write the names of classes or divs seperated by , Example: h1, h2" override="true"/>			
		<field type="spacer" label="Body" />
		<field name="fontsize" type="list" default="13px" label="Font size" description="Select the font size for your front-end." class="mx-chosen-select">
			<option value="10px">10px</option>
			<option value="11px">11px</option>
			<option value="12px">12px</option>
			<option value="13px">13px</option>
			<option value="14px">14px</option>
			<option value="15px">15px</option>
			<option value="16px">16px</option>
			<option value="17px">17px</option>
			<option value="18px">18px</option>
			<option value="19px">19px</option>
			<option value="20px">20px</option>
			<option value="22px">22px</option>
			<option value="24px">24px</option>
			<option value="26px">26px</option>
			<option value="28px">28px</option>
		</field>
		<field type="spacer" label="Titles" />			
		<field name="h1_font_size" type="text" default="" label="H1 size" description="Size example 46px" override="true"/>
		<field name="h2_font_size" type="text" default="" label="H2 size" description="Size example 36px" override="true"/>
		<field name="h3_font_size" type="text" default="" label="H3 size" description="Size example 32px" override="true"/>
		<field name="h4_font_size" type="text" default="" label="H4 size" description="Size example 28px" override="true"/>
		<field name="h5_font_size" type="text" default="" label="H5 size" description="Size example 22px" override="true"/>
		<field name="h6_font_size" type="text" default="" label="H6 size" description="Size example 18px" override="true"/>	
		<field type="spacer" label="Menu" />			
		<field name="Menufontsize" type="list" default="" label="Font size" description="Select the font size for menu." class="mx-chosen-select">
			<option value="">default</option>
			<option value="10px">10px</option>
			<option value="11px">11px</option>
			<option value="12px">12px</option>
			<option value="13px">13px</option>
			<option value="14px">14px</option>
			<option value="15px">15px</option>
			<option value="16px">16px</option>
			<option value="17px">17px</option>
			<option value="18px">18px</option>
			<option value="19px">19px</option>
			<option value="20px">20px</option>
			<option value="22px">22px</option>
			<option value="24px">24px</option>
			<option value="26px">26px</option>
			<option value="28px">28px</option>
		</field>	
	</fieldset>	
	<!--  FEATURES  -->
	<fieldset name="advance" label="Advance ( Only in PRO )">          
	<field type="spacer" label="ONLY_IN_PRO" />				
		<field name="totop" type="radio" default="1" label="To-Top Scroller" description="Show the to-top scroller" disabled="true">
			<option value="0">JNO</option>
			<option value="1">JYES</option>
		</field>
        <field name="totopText" type="text" default="Go to Top" label="To-Top Scroller text" description="Enter To-Top Scroller text."  disabled="true"/>
		<field name="responsive" type="radio" default="0" label="Responsive Layout" description="Enable responsive layout">
			<option value="0" disabled="true">JNO</option>
			<option value="1" disabled="true">JYES</option>
		</field>
		<field name="show_Designed" type="radio" default="1" class="btn-group" label="Show designed" description="Enable Show designed">
			<option value="0" disabled="true">JHIDE</option>
			<option value="1" disabled="true">JSHOW</option>
		</field>
		<field name="IE6Warning" type="radio" default="1" label="IE7 Warning" description="Choose whether or not to display the IE7 Warning for IE7 Browser.">
			<option value="0" disabled="true">JHIDE</option>
			<option value="1" disabled="true">JSHOW</option>
		</field>
		<field name="GoogleAnalytics" type="radio" default="0" label="Google Analytics" description="">
			<option value="0" disabled="true">JHIDE</option>
			<option value="1" disabled="true">JSHOW</option>
		</field>
		<field name="googcode" type="text" default="" label="Google Analytics Code" description="Enter your Google tracking code in the UA Code field. It should look something like: UA-34555555-1" disabled="true"/>
		<field name="jquery" type="radio" default="2" label="jQuery library" description="Select YES to insert the jquery library on your website">
			<option value="0">JNO</option>
			<option value="1">JYES</option>
			<option value="2">Auto</option>
		</field>

      </fieldset>
	</fields>
  </config>
</extension>