<?xml version="1.0" encoding="UTF-8" ?> <extension type="package" version="3.0" method="upgrade"> <name>Form Maker</name>	<creationDate>September 2011</creationDate>	<license>GNU/GPLv3 http://www.gnu.org/licenses/gpl-3.0.html</license>	<author>Web Dorado</author>	<copyright>Copyright (C) 2016 Web-Dorado.com All rights reserved.</copyright> 	<authorEmail>info@web-dorado.com</authorEmail>	<authorUrl>http://web-dorado.com/</authorUrl>    <version>3.6.15</version> 	<packagename>formmaker</packagename>	<packager>Web-Dorado</packager> <files>	<file type="plugin" id="loadformmaker" group="content">plg_formmaker.zip</file>	<file type="module" id="mod_formmaker" client="site">mod_formmaker.zip</file>	<file type="component" id="com_formmaker">com_formmaker.zip</file>	 </files> </extension>