<?xml version="1.0" encoding="utf-8"?>
<extension type="module" version="3.0" client="site" method="upgrade">
    <name>mod_tz_purchase</name>
    <author>DuongTVTemplaza</author>
    <creationDate>June 10th 2013</creationDate>
    <authorEmail>support@templaza.com</authorEmail>
    <authorUrl>www.templaza.com</authorUrl>
    <description>MOD_TZ_PURCHASE_XML_DESCRIPTION</description>
    <files>
        <filename module="mod_tz_purchase">mod_tz_purchase.php</filename>
        <filename>helper.php</filename>
        <filename>index.html</filename>
        <folder>admin</folder>
        <folder>tmpl</folder>
        <folder>assets</folder>
        <folder>css</folder>
        <folder>images</folder>
        <folder>js</folder>
    </files>
    <languages folder="languages">
        <language tag="en-GB">en-GB/en-GB.mod_tz_purchase.ini</language>
        <language tag="en-GB">en-GB/en-GB.mod_tz_purchase.sys.ini</language>
    </languages>
    <config>
        <fields name="params">
            <fieldset name="basic" addfieldpath="/modules/mod_tz_purchase/admin/formfields">
                <field name="enable_jquery"
                       type="radio"
                       class="btn-group"
                       default="0"
                       label="MOD_TZ_PURCHASE_ENABLE_JQUERY">
                    <option value="0">JNO</option>
                    <option value="1">JYES</option>
                </field>

                <field type="tzpurchase"
                       name="purchase"
                       label="MOD_TZ_PURCHASE_EMPLOYEE_INFORMATION_LABEL">
                    <tzfield name="purchase_image"
                             type="media"
                             label="MOD_TZ_PURCHASE_IMAGE_LABEL"/>
                </field>

                <field type="list"
                       name="column_lg"
                       label="Column"
                       class="btn-group"
                       default="1">
                    <option value="1">1</option>
                    <option value="2">2</option>
                    <option value="3">3</option>
                    <option value="4">4</option>
                    <option value="5">5</option>
                    <option value="6">6</option>
                    <option value="7">7</option>
                    <option value="8">8</option>
                    <option value="9">9</option>
                    <option value="10">10</option>
                    <option value="11">11</option>
                    <option value="12">12</option>
                </field>

            </fieldset>
            <fieldset name="advanced">
                <field name="layout" type="modulelayout"
                       label="JFIELD_ALT_LAYOUT_LABEL"
                       description="JFIELD_ALT_MODULE_LAYOUT_DESC"/>

                <field name="moduleclass_sfx" type="textarea" rows="3"
                       label="COM_MODULES_FIELD_MODULECLASS_SFX_LABEL"
                       description="COM_MODULES_FIELD_MODULECLASS_SFX_DESC"/>

                <field name="cache" type="list" default="1"
                       label="COM_MODULES_FIELD_CACHING_LABEL"
                       description="COM_MODULES_FIELD_CACHING_DESC">
                    <option value="1">JGLOBAL_USE_GLOBAL</option>
                    <option value="0">COM_MODULES_FIELD_VALUE_NOCACHING</option>
                </field>

                <field name="cache_time" type="text" default="900"
                       label="COM_MODULES_FIELD_CACHE_TIME_LABEL"
                       description="COM_MODULES_FIELD_CACHE_TIME_DESC"/>
                <field name="cachemode" type="hidden"
                       default="static">
                    <option value="static"></option>
                </field>
            </fieldset>
        </fields>
    </config>
</extension>