<?xml version="1.0" encoding="utf-8"?>
<extension version="3.4" type="package" method="upgrade">
	<name>Sitemap Generator</name>
	<packagename>sitemapgenerator</packagename>
	
	<author>Marco Beierer</author>
	<authorEmail>email@marcobeierer.com</authorEmail>
	<authorUrl>https://www.marcobeierer.com</authorUrl>
	
	<version>1.2.1</version>
	<creationDate>May 2016</creationDate>
	
	<copyright>Copyright (C) 2015 - 2016 Marco Beierer. All rights reserved.</copyright>
	<license>http://www.gnu.org/licenses/agpl-3.0.html GNU/AGPL</license>

	<files folder="packages">
		<file type="component" id="com_sitemapgenerator">com_sitemapgenerator.zip</file>
	</files>

	<updateservers>
		<server type="extension" name="Sitemap Generator Update Site">https://static.marcobeierer.com/joomla-extensions/sitemapgenerator/update.xml</server>
	</updateservers>
</extension>
