<?xml version="1.0" encoding="utf-8"?>
<extension version="3.6.5" type="plugin" group="system" method="upgrade">
    <name>PLG_SYSTEM_DD_GOOGLE_ANALYTICS</name>
    <version>1.0.0.2</version>
    <creationDate>11.05.2017</creationDate>
    <author>HR IT-Solutions Florian Häusler</author>
    <authorEmail>info@hr-it-solutions.com</authorEmail>
    <authorUrl>https://www.hr-it-solutions.com</authorUrl>
    <copyright>Copyright (C) 2017 - 2017 Didldu e.K. | HR IT-Solutions</copyright>
    <license>GNU/GPLv2 only</license>
    <description>PLG_SYSTEM_DD_GOOGLE_ANALYTICS_XML_DESCRIPTION</description>
    <files>
        <filename plugin="dd_google_analytics">dd_google_analytics.php</filename>
    </files>
    <scriptfile>script.php</scriptfile>
    <languages>
        <language tag="en-GB">language/en-GB/en-GB.plg_system_dd_google_analytics.sys.ini</language>
        <language tag="en-GB">language/en-GB/en-GB.plg_system_dd_google_analytics.ini</language>
    </languages>
    <updateservers>
        <server type="collection" priority="1" name="HR IT-Solutions Updates">http://www.hr-it-solutions.com/jextensions/update.xml</server>
    </updateservers>
    <config>
        <fields name="params">
            <fieldset name="basic">
                <field
                        name="propertyid"
                        type="text"
                        size="15"
                        default=""
                        label="PLG_SYSTEM_DD_GOOGLE_ANALYTICS_PROPERTYID_LBL"
                        description="PLG_SYSTEM_DD_GOOGLE_ANALYTICS_PROPERTYID_DESC"
                        filter="raw"
                />

                <field
                        name="euprivacy"
                        type="radio"
                        default="1"
                        label="PLG_SYSTEM_DD_GOOGLE_ANALYTICS_EUPRIVACY_LBL"
                        description="PLG_SYSTEM_DD_GOOGLE_ANALYTICS_EUPRIVACY_DESC"
                        class="btn-group btn-group-yesno">
                    <option value="1">PLG_SYSTEM_DD_GOOGLE_ANALYTICS_EUPRIVACY_ON</option>
                    <option value="0">PLG_SYSTEM_DD_GOOGLE_ANALYTICS_EUPRIVACY_OFF</option>
                </field>
            </fieldset>
        </fields>
    </config>
</extension>