[{"name":"Header","class":"","responsive":"","backgroundcolor":"rgba(255, 255, 255, 0)","textcolor":"rgba(255, 255, 255, 0)","linkcolor":"rgba(255, 255, 255, 0)","linkhovercolor":"rgba(255, 255, 255, 0)","margin":"","padding":"","containertype":"container","children":[{"col-xs":"12","col-sm":"12","col-md":"3","col-lg":"3","col-xs-offset":"","col-sm-offset":"","col-md-offset":"","col-lg-offset":"","type":"logo","position":"logo","style":"","customclass":"","customtitle":"","customhtml":"","responsiveclass":"","animationType":"","animationSpeed":"","animationDelay":"","animationOffset":"","animationEasing":""},{"col-xs":"12","col-sm":"12","col-md":"9","col-lg":"9","col-xs-offset":"","col-sm-offset":"","col-md-offset":"","col-lg-offset":"","type":"modules","position":"position-0","style":"tznone","customclass":"text-right","customtitle":"","customhtml":"","responsiveclass":"","animationType":"","animationSpeed":"","animationDelay":"","animationOffset":"","animationEasing":""}]},{"name":"Menu","class":"navbar-default","responsive":"","backgroundcolor":"rgba(255, 255, 255, 0)","textcolor":"rgba(255, 255, 255, 0)","linkcolor":"rgba(255, 255, 255, 0)","linkhovercolor":"rgba(255, 255, 255, 0)","margin":"","padding":"","containertype":"container","children":[{"col-xs":"12","col-sm":"12","col-md":"12","col-lg":"12","col-xs-offset":"","col-sm-offset":"","col-md-offset":"","col-lg-offset":"","type":"megamenu","position":"position-1","style":"tznone","customclass":"","customtitle":"","customhtml":"","responsiveclass":"","animationType":"","animationSpeed":"","animationDelay":"","animationOffset":"","animationEasing":""}]},{"name":"Main Body","class":"container","responsive":"","backgroundcolor":"rgba(246, 180, 74, 0)","textcolor":"rgba(255, 255, 255, 0)","linkcolor":"rgba(255, 255, 255, 0)","linkhovercolor":"rgba(255, 255, 255, 0)","margin":"","padding":"30px 0","containertype":"container","children":[{"col-xs":"12","col-sm":"12","col-md":"8","col-lg":"9","col-xs-offset":"","col-sm-offset":"","col-md-offset":"","col-lg-offset":"","type":"message","position":"","style":"xhtml","customclass":"","customtitle":"","customhtml":"","responsiveclass":"","animationType":"","animationSpeed":"","animationDelay":"","animationOffset":"","animationEasing":"","children":[{"name":"Image Module","class":"","responsive":"","backgroundcolor":"rgba(255, 255, 255, 0)","textcolor":"rgba(255, 255, 255, 0)","linkcolor":"rgba(255, 255, 255, 0)","linkhovercolor":"rgba(255, 255, 255, 0)","margin":"","padding":"","children":[{"col-xs":"12","col-sm":"12","col-md":"12","col-lg":"12","col-xs-offset":"","col-sm-offset":"","col-md-offset":"","col-lg-offset":"","type":"modules","position":"position-3","style":"tzxhtml","customclass":"","customtitle":"","customhtml":"","responsiveclass":"","animationType":"","animationSpeed":"","animationDelay":"","animationOffset":"","animationEasing":""}]},{"name":"Component Area","class":"","responsive":"","backgroundcolor":"rgba(255, 255, 255, 0)","textcolor":"rgba(255, 255, 255, 0)","linkcolor":"rgba(255, 255, 255, 0)","linkhovercolor":"rgba(255, 255, 255, 0)","margin":"","padding":"","children":[{"col-xs":"12","col-sm":"12","col-md":"12","col-lg":"12","col-xs-offset":"","col-sm-offset":"","col-md-offset":"","col-lg-offset":"","type":"component","position":"","style":"xhtml","customclass":"","customtitle":"","customhtml":"","responsiveclass":"","animationType":"","animationSpeed":"","animationDelay":"","animationOffset":"","animationEasing":""}]}]},{"col-xs":"12","col-sm":"12","col-md":"4","col-lg":"3","col-xs-offset":"","col-sm-offset":"","col-md-offset":"","col-lg-offset":"","type":"modules","position":"position-7","style":"tzxhtml","customclass":"","customtitle":"","customhtml":"","responsiveclass":"","animationType":"","animationSpeed":"","animationDelay":"","animationOffset":"","animationEasing":""}]},{"name":"Advertise","class":"","responsive":"","backgroundcolor":"rgba(255, 255, 255, 0)","textcolor":"rgba(255, 255, 255, 0)","linkcolor":"rgba(255, 255, 255, 0)","linkhovercolor":"rgba(255, 255, 255, 0)","margin":"","padding":"","containertype":"container","children":[{"col-xs":"","col-sm":"","col-md":"4","col-lg":"4","col-xs-offset":"","col-sm-offset":"","col-md-offset":"","col-lg-offset":"","type":"modules","position":"position-9","style":"tzxhtml","customclass":"","customtitle":"","customhtml":"","responsiveclass":"","animationType":"","animationSpeed":"","animationDelay":"","animationOffset":"","animationEasing":""},{"col-xs":"12","col-sm":"12","col-md":"4","col-lg":"4","col-xs-offset":"","col-sm-offset":"","col-md-offset":"","col-lg-offset":"","type":"modules","position":"position-10","style":"sp-xhtml","customclass":"","customtitle":"","customhtml":"","responsiveclass":"","animationType":"","animationSpeed":"","animationDelay":"","animationOffset":"","animationEasing":""},{"col-xs":"","col-sm":"","col-md":"","col-lg":"4","col-xs-offset":"","col-sm-offset":"","col-md-offset":"","col-lg-offset":"","type":"custom_html","position":"","style":"tzxhtml","customclass":"","customtitle":"Tieu De bai viet","customhtml":"&lt;ul style=&quot;text-align: justify;&quot;&gt;\r\n&lt;li&gt;&lt;strong&gt;Personal&lt;\/strong&gt; Package: price &lt;strong&gt;&lt;\/strong&gt; will be changed into &lt;span style=&quot;color: #ff0000;&quot;&gt;&lt;strong&gt;&lt;\/strong&gt;&lt;\/span&gt;&lt;\/li&gt;\r\n&lt;li&gt;&lt;strong&gt;Business&lt;\/strong&gt; Package: price &lt;strong&gt;&lt;\/strong&gt; will be changed into&lt;span style=&quot;color: #ff0000;&quot;&gt; &lt;strong&gt;&lt;\/strong&gt;&lt;\/span&gt;&lt;\/li&gt;\r\n&lt;li&gt;&lt;strong&gt;Lifetime&lt;\/strong&gt; Package: price &lt;strong&gt;5&lt;\/strong&gt; will be changed into &lt;span style=&quot;color: #ff0000;&quot;&gt;&lt;strong&gt;0&lt;\/strong&gt;&lt;\/span&gt;&lt;\/li&gt;\r\n&lt;li&gt;&lt;strong&gt;Developer&lt;\/strong&gt; Package: &lt;strong&gt;&lt;em&gt;No change&lt;\/em&gt;&lt;\/strong&gt;.&lt;\/li&gt;\r\n&lt;\/ul&gt;","responsiveclass":"","animationType":"","animationSpeed":"","animationDelay":"","animationOffset":"","animationEasing":""}]},{"name":"Breadcrumb","class":"container","responsive":"","backgroundcolor":"rgba(255, 255, 255, 0)","textcolor":"rgba(255, 255, 255, 0)","linkcolor":"rgba(255, 255, 255, 0)","linkhovercolor":"rgba(255, 255, 255, 0)","margin":"","padding":"","containertype":"container","children":[{"col-xs":"12","col-sm":"12","col-md":"12","col-lg":"12","col-xs-offset":"","col-sm-offset":"","col-md-offset":"","col-lg-offset":"","type":"modules","position":"position-2","style":"tzxhtml","customclass":"","customtitle":"","customhtml":"","responsiveclass":"","animationType":"","animationSpeed":"","animationDelay":"","animationOffset":"","animationEasing":""}]},{"name":"Footer","class":"container","responsive":"","backgroundcolor":"rgba(255, 255, 255, 0)","textcolor":"rgba(255, 255, 255, 0)","linkcolor":"rgba(255, 255, 255, 0)","linkhovercolor":"rgba(255, 255, 255, 0)","margin":"","padding":"30px 0","containertype":"container","children":[{"col-xs":"12","col-sm":"12","col-md":"12","col-lg":"12","col-xs-offset":"","col-sm-offset":"","col-md-offset":"","col-lg-offset":"","type":"modules","position":"footer","style":"tzxhtml","customclass":"","customtitle":"","customhtml":"","responsiveclass":"","animationType":"","animationSpeed":"","animationDelay":"","animationOffset":"","animationEasing":""}]}]